fuel	year	price_per_mmbtu
Hawaii_Biodiesel	2021	42.4888102227	24.0896296937	22.6202281079	33.1747561388	42.374971339	38.2259967007	33.4619388872	18.9817767063	21.2643576629	30.6703626795	32.7768449264	26.5364546506	42.6896642368	17.6098317452	17.8680953591	50.7217940204	65.3990253147	42.3498832802	32.2836259038	29.3444565368	15.0795509446	23.2036800925	35.8353530538	24.1681238567	54.5780307576	30.8107732221	39.3926382052	22.1643019086	20.8568188125	29.6478341332	21.9546921346	18.2141216686	25.3007172021	48.0593342772	35.0668693123	25.14943952	31.0749316006	26.725933512	30.8915591092	19.9085991782	50.4751984267	40.3975153492	15.2450807529	30.8456536085	36.0911191753	15.8176631281	18.6643582143	22.5984508019	17.2984559479	41.4793964671	19.0652900919	31.0908291407	44.2401989608	24.790166717	34.1609219901	30.1385087165	39.5308001696	22.1262094814	27.9464279456	34.9717840945	17.8019394574	16.3584596292	15.1991587826	26.9135727088	35.5666160498	26.734690636	49.3428506813	22.1639405334	13.0763626932	28.0611983035	18.391483246	34.4536244335	21.3809457763	18.5968126326	24.1052109763	18.5945964437	23.2111503282	24.4205254374	39.2748207259	33.976586572	15.2826983093	26.1459852959	46.0680214113	20.4623239623	38.6818491523	20.8782098396	37.9980706956	22.1736369824	26.0760467509	25.4232111429	53.8799564791	28.2308196139	17.8742685381	29.2926303569	18.8695492761	28.3638731847	42.1128436309	15.0376270373	30.8273788487	30.3338865757
Hawaii_Biodiesel	2029	48.9039997389	15.1424284622	17.3632818141	33.1669103872	48.8050477612	13.3948595701	53.6775883806	26.7523405109	12.3650140624	47.7791164111	74.1022961236	37.8241843888	23.4933290063	16.8717521265	28.3431505692	43.322439232	107.894032787	103.236903512	27.5773016472	84.5028781859	14.9331494751	74.2640548474	37.2905338799	15.5137605336	103.411848042	41.6063036139	59.9419270987	29.5086938103	30.7330941638	40.0501102439	14.6484121868	21.4765939641	23.0284982315	30.1348927447	17.9438975814	51.8957021348	144.239488544	37.7905366312	16.4202413672	35.5569010029	45.6586392018	26.2688422492	11.9980296629	59.8721353548	110.800144373	19.8911961026	78.1605710594	22.2497837898	20.8131952051	36.4398781863	39.4907739414	51.9009342384	48.6455192831	17.248867634	48.5284739766	44.3078267189	34.8962385436	12.8841630838	27.693909983	69.3095338383	21.7730499892	26.5188445326	29.3244404913	65.0643856515	34.0288514787	44.3579765704	118.365758332	24.1441640374	11.524975338	23.7108538964	33.218144269	27.032219719	21.9341333477	20.4282217199	36.684900013	22.7573472262	28.2402164999	33.036930031	33.6793977378	29.3376478268	16.4893809489	23.1326941021	49.9941996777	15.9542913203	59.5702014719	18.638530371	80.7626075912	18.5453716636	32.3305939504	30.6435802865	54.9242937656	21.9550401723	14.6608556539	59.129239204	31.798191028	118.172338912	27.3424503851	12.1910757432	58.1158734583	42.6447590175
Hawaii_Biodiesel	2037	65.707236648	13.1503391883	13.0032660305	37.665178462	38.4428027065	11.018181517	16.2408990378	33.3271753784	11.9766679217	66.6003656482	165.664074214	37.2577642126	49.5504207556	12.7508207216	19.6770358593	85.1527684135	269.374888515	55.5904716014	15.5221885637	91.0028740376	26.7635137927	40.9304453698	51.3857224851	31.3111144289	101.942807413	45.2170565233	135.945649081	67.0061390132	94.2479159466	49.5673816872	18.936414409	19.8194027568	24.1774835368	30.7847796565	16.7737271192	110.972338467	177.779723498	22.55771741	16.9280605983	36.6753304216	32.0466445894	28.818874914	13.4267834146	105.516090599	160.118306313	87.6207613243	207.556662188	24.0331840607	20.4207596237	38.3492068291	115.42911319	41.847329154	108.354075234	22.5495609886	50.314982892	105.026393508	47.417745259	11.0837241845	22.4543649852	174.062927697	27.7708571954	22.5149235996	35.5178604816	108.54845708	71.4417148682	35.0836863137	334.149488532	43.8494955893	10.3872782565	36.3004402785	43.1336092086	18.0728120582	26.0185047386	24.7052665969	40.0690607323	34.6662425749	47.7158885602	25.6238285708	63.6793415839	51.7210595464	28.8716154254	21.8364241937	142.999802726	24.8058138308	114.833058098	62.2818666829	117.713981961	48.3073139727	17.8318241888	50.0410446395	55.8641850069	22.4836456123	31.4941541343	58.2272209213	44.0427688293	156.04070999	21.8832431706	13.8916382986	168.83624303	41.2828002824
Hawaii_Biodiesel	2045	48.5368544946	14.8985083707	14.3795584322	50.2946383933	92.3447719032	11.3370854236	14.3518100591	38.6315965238	29.0845187313	40.3923543705	389.234852631	31.7630587882	115.104671506	17.8945519831	12.1108064885	83.4785692008	527.030081724	40.6173249212	19.9873708285	113.785456783	64.9896315153	74.348524975	46.1800086572	18.5254007913	73.2940084652	61.4848287661	187.057257273	33.6104464405	218.877277549	90.2016772113	16.3037580288	21.528976799	24.9514399665	53.3791166783	18.2114226069	208.570644319	97.1041700059	28.8478104466	27.5391977596	145.245987393	39.9598483248	24.4603769555	17.0600477404	40.2704419317	195.699299353	51.3000217424	239.305143185	23.9141584057	15.0275260177	30.3247082342	180.661902209	26.5120474312	126.640302472	15.7924706593	157.35844706	81.7062029503	52.7830867023	10.078219581	50.1631821959	292.741599369	31.3960937517	33.4962782341	63.254310668	53.4060896435	136.113393506	88.2485328105	810.13192777	38.4197674825	11.0626685523	38.7160325771	59.6756462897	18.7285295081	20.6029716118	54.341005407	136.353421473	46.3643176248	133.008144987	15.2428298016	146.040116707	313.425900447	45.6721754283	26.7862788819	95.3481759402	37.3572229172	60.0610988583	143.691212011	96.5309076082	61.0979068406	29.0814296067	77.7317590796	181.994443515	26.5647185416	30.4940867082	41.2479253209	47.4237512816	241.474855148	40.9680935865	23.6634074193	135.566870498	59.3464027171
Hawaii_Coal	2021	2.848244375	2.848244375	2.848244375	2.848244375	2.848244375	2.848244375	2.848244375	2.848244375	2.848244375	2.848244375	2.848244375	2.848244375	2.848244375	2.848244375	2.848244375	2.848244375	2.848244375	2.848244375	2.848244375	2.848244375	2.848244375	2.848244375	2.848244375	2.848244375	2.848244375	2.848244375	2.848244375	2.848244375	2.848244375	2.848244375	2.848244375	2.848244375	2.848244375	2.848244375	2.848244375	2.848244375	2.848244375	2.848244375	2.848244375	2.848244375	2.848244375	2.848244375	2.848244375	2.848244375	2.848244375	2.848244375	2.848244375	2.848244375	2.848244375	2.848244375	2.848244375	2.848244375	2.848244375	2.848244375	2.848244375	2.848244375	2.848244375	2.848244375	2.848244375	2.848244375	2.848244375	2.848244375	2.848244375	2.848244375	2.848244375	2.848244375	2.848244375	2.848244375	2.848244375	2.848244375	2.848244375	2.848244375	2.848244375	2.848244375	2.848244375	2.848244375	2.848244375	2.848244375	2.848244375	2.848244375	2.848244375	2.848244375	2.848244375	2.848244375	2.848244375	2.848244375	2.848244375	2.848244375	2.848244375	2.848244375	2.848244375	2.848244375	2.848244375	2.848244375	2.848244375	2.848244375	2.848244375	2.848244375	2.848244375	2.848244375
Hawaii_Coal	2029	3.089888125	3.089888125	3.089888125	3.089888125	3.089888125	3.089888125	3.089888125	3.089888125	3.089888125	3.089888125	3.089888125	3.089888125	3.089888125	3.089888125	3.089888125	3.089888125	3.089888125	3.089888125	3.089888125	3.089888125	3.089888125	3.089888125	3.089888125	3.089888125	3.089888125	3.089888125	3.089888125	3.089888125	3.089888125	3.089888125	3.089888125	3.089888125	3.089888125	3.089888125	3.089888125	3.089888125	3.089888125	3.089888125	3.089888125	3.089888125	3.089888125	3.089888125	3.089888125	3.089888125	3.089888125	3.089888125	3.089888125	3.089888125	3.089888125	3.089888125	3.089888125	3.089888125	3.089888125	3.089888125	3.089888125	3.089888125	3.089888125	3.089888125	3.089888125	3.089888125	3.089888125	3.089888125	3.089888125	3.089888125	3.089888125	3.089888125	3.089888125	3.089888125	3.089888125	3.089888125	3.089888125	3.089888125	3.089888125	3.089888125	3.089888125	3.089888125	3.089888125	3.089888125	3.089888125	3.089888125	3.089888125	3.089888125	3.089888125	3.089888125	3.089888125	3.089888125	3.089888125	3.089888125	3.089888125	3.089888125	3.089888125	3.089888125	3.089888125	3.089888125	3.089888125	3.089888125	3.089888125	3.089888125	3.089888125	3.089888125
Hawaii_Coal	2037	3.289506875	3.289506875	3.289506875	3.289506875	3.289506875	3.289506875	3.289506875	3.289506875	3.289506875	3.289506875	3.289506875	3.289506875	3.289506875	3.289506875	3.289506875	3.289506875	3.289506875	3.289506875	3.289506875	3.289506875	3.289506875	3.289506875	3.289506875	3.289506875	3.289506875	3.289506875	3.289506875	3.289506875	3.289506875	3.289506875	3.289506875	3.289506875	3.289506875	3.289506875	3.289506875	3.289506875	3.289506875	3.289506875	3.289506875	3.289506875	3.289506875	3.289506875	3.289506875	3.289506875	3.289506875	3.289506875	3.289506875	3.289506875	3.289506875	3.289506875	3.289506875	3.289506875	3.289506875	3.289506875	3.289506875	3.289506875	3.289506875	3.289506875	3.289506875	3.289506875	3.289506875	3.289506875	3.289506875	3.289506875	3.289506875	3.289506875	3.289506875	3.289506875	3.289506875	3.289506875	3.289506875	3.289506875	3.289506875	3.289506875	3.289506875	3.289506875	3.289506875	3.289506875	3.289506875	3.289506875	3.289506875	3.289506875	3.289506875	3.289506875	3.289506875	3.289506875	3.289506875	3.289506875	3.289506875	3.289506875	3.289506875	3.289506875	3.289506875	3.289506875	3.289506875	3.289506875	3.289506875	3.289506875	3.289506875	3.289506875
Hawaii_Coal	2045	3.512239375	3.512239375	3.512239375	3.512239375	3.512239375	3.512239375	3.512239375	3.512239375	3.512239375	3.512239375	3.512239375	3.512239375	3.512239375	3.512239375	3.512239375	3.512239375	3.512239375	3.512239375	3.512239375	3.512239375	3.512239375	3.512239375	3.512239375	3.512239375	3.512239375	3.512239375	3.512239375	3.512239375	3.512239375	3.512239375	3.512239375	3.512239375	3.512239375	3.512239375	3.512239375	3.512239375	3.512239375	3.512239375	3.512239375	3.512239375	3.512239375	3.512239375	3.512239375	3.512239375	3.512239375	3.512239375	3.512239375	3.512239375	3.512239375	3.512239375	3.512239375	3.512239375	3.512239375	3.512239375	3.512239375	3.512239375	3.512239375	3.512239375	3.512239375	3.512239375	3.512239375	3.512239375	3.512239375	3.512239375	3.512239375	3.512239375	3.512239375	3.512239375	3.512239375	3.512239375	3.512239375	3.512239375	3.512239375	3.512239375	3.512239375	3.512239375	3.512239375	3.512239375	3.512239375	3.512239375	3.512239375	3.512239375	3.512239375	3.512239375	3.512239375	3.512239375	3.512239375	3.512239375	3.512239375	3.512239375	3.512239375	3.512239375	3.512239375	3.512239375	3.512239375	3.512239375	3.512239375	3.512239375	3.512239375	3.512239375
Hawaii_Diesel	2021	33.2718102227	14.8726296937	13.4032281079	23.9577561388	33.157971339	29.0089967007	24.2449388872	9.76477670633	12.0473576629	21.4533626795	23.5598449264	17.3194546506	33.4726642368	8.39283174517	8.65109535908	41.5047940204	56.1820253147	33.1328832802	23.0666259038	20.1274565368	5.86255094458	13.9866800925	26.6183530538	14.9511238567	45.3610307576	21.5937732221	30.1756382052	12.9473019086	11.6398188125	20.4308341332	12.7376921346	8.99712166856	16.0837172021	38.8423342772	25.8498693123	15.93243952	21.8579316006	17.508933512	21.6745591092	10.6915991782	41.2581984267	31.1805153492	6.02808075287	21.6286536085	26.8741191753	6.60066312809	9.44735821433	13.3814508019	8.08145594791	32.2623964671	9.84829009193	21.8738291407	35.0231989608	15.573166717	24.9439219901	20.9215087165	30.3138001696	12.9092094814	18.7294279456	25.7547840945	8.58493945738	7.14145962924	5.98215878262	17.6965727088	26.3496160498	17.517690636	40.1258506813	12.9469405334	3.85936269325	18.8441983035	9.17448324599	25.2366244335	12.1639457763	9.37981263261	14.8882109763	9.37759644374	13.9941503282	15.2035254374	30.0578207259	24.759586572	6.06569830929	16.9289852959	36.8510214113	11.2453239623	29.4648491523	11.6612098396	28.7810706956	12.9566369824	16.8590467509	16.2062111429	44.6629564791	19.0138196139	8.65726853814	20.0756303569	9.65254927608	19.1468731847	32.8958436309	5.82062703732	21.6103788487	21.1168865757
Hawaii_Diesel	2029	39.6869997389	5.92542846222	8.14628181412	23.9499103872	39.5880477612	4.17785957014	44.4605883806	17.5353405109	3.14801406244	38.5621164111	64.8852961236	28.6071843888	14.2763290063	7.65475212655	19.1261505692	34.105439232	98.677032787	94.019903512	18.3603016472	75.2858781859	5.71614947511	65.0470548474	28.0735338799	6.2967605336	94.1948480422	32.3893036139	50.7249270987	20.2916938103	21.5160941638	30.8331102439	5.43141218679	12.2595939641	13.8114982315	20.9178927447	8.72689758137	42.6787021348	135.022488544	28.5735366312	7.20324136722	26.3399010029	36.4416392018	17.0518422492	2.78102966293	50.6551353548	101.583144373	10.6741961026	68.9435710594	13.0327837898	11.5961952051	27.2228781863	30.2737739414	42.6839342384	39.4285192831	8.03186763396	39.3114739766	35.0908267189	25.6792385436	3.66716308383	18.476909983	60.0925338383	12.5560499892	17.3018445326	20.1074404913	55.8473856515	24.8118514787	35.1409765704	109.148758332	14.9271640374	2.30797533804	14.4938538964	24.001144269	17.815219719	12.7171333477	11.2112217199	27.467900013	13.5403472262	19.0232164999	23.819930031	24.4623977378	20.1206478268	7.27238094887	13.9156941021	40.7771996777	6.73729132025	50.3532014719	9.42153037102	71.5456075912	9.32837166363	23.1135939504	21.4265802865	45.7072937656	12.7380401723	5.44385565386	49.912239204	22.581191028	108.955338912	18.1254503851	2.9740757432	48.8988734583	33.4277590175
Hawaii_Diesel	2037	56.490236648	3.93333918833	3.78626603047	28.448178462	29.2258027065	1.80118151696	7.02389903783	24.1101753784	2.75966792166	57.3833656482	156.447074214	28.0407642126	40.3334207556	3.53382072162	10.4600358593	75.9357684135	260.157888515	46.3734716014	6.30518856366	81.7858740376	17.5465137927	31.7134453698	42.1687224851	22.0941144289	92.7258074135	36.0000565233	126.728649081	57.7891390132	85.0309159466	40.3503816872	9.71941440901	10.6024027568	14.9604835368	21.5677796565	7.55672711921	101.755338467	168.562723498	13.34071741	7.71106059833	27.4583304216	22.8296445894	19.601874914	4.2097834146	96.2990905986	150.901306313	78.4037613243	198.339662188	14.8161840607	11.2037596237	29.1322068291	106.21211319	32.630329154	99.1370752345	13.3325609886	41.097982892	95.8093935078	38.200745259	1.86672418446	13.2373649852	164.845927697	18.5538571954	13.2979235996	26.3008604816	99.3314570804	62.2247148682	25.8666863137	324.932488532	34.6324955893	1.17027825655	27.0834402785	33.9166092086	8.85581205824	16.8015047386	15.4882665969	30.8520607323	25.4492425749	38.4988885602	16.4068285708	54.4623415839	42.5040595464	19.6546154254	12.6194241937	133.782802726	15.5888138308	105.616058098	53.0648666829	108.496981961	39.0903139727	8.61482418884	40.8240446395	46.6471850069	13.2666456123	22.2771541343	49.0102209213	34.8257688293	146.82370999	12.6662431706	4.67463829858	159.61924303	32.0658002824
Hawaii_Diesel	2045	39.3198544946	5.68150837072	5.16255843221	41.0776383933	83.1277719032	2.1200854236	5.13481005907	29.4145965238	19.8675187313	31.1753543705	380.017852631	22.5460587882	105.887671506	8.67755198309	2.8938064885	74.2615692008	517.813081724	31.4003249212	10.7703708285	104.568456783	55.7726315153	65.131524975	36.9630086572	9.30840079126	64.0770084652	52.2678287661	177.840257273	24.3934464405	209.660277549	80.9846772113	7.0867580288	12.311976799	15.7344399665	44.1621166783	8.99442260685	199.353644319	87.8871700059	19.6308104466	18.3221977596	136.028987393	30.7428483248	15.2433769555	7.84304774038	31.0534419317	186.482299353	42.0830217424	230.088143185	14.6971584057	5.81052601771	21.1077082342	171.444902209	17.2950474312	117.423302472	6.57547065928	148.14144706	72.4892029503	43.5660867023	0.86121958096	40.9461821959	283.524599369	22.1790937517	24.2792782341	54.037310668	44.1890896435	126.896393506	79.0315328105	800.91492777	29.2027674825	1.84566855229	29.4990325771	50.4586462897	9.5115295081	11.3859716118	45.124005407	127.136421473	37.1473176248	123.791144987	6.02582980161	136.823116707	304.208900447	36.4551754283	17.5692788819	86.1311759402	28.1402229172	50.8440988583	134.474212011	87.3139076082	51.8809068406	19.8644296067	68.5147590796	172.777443515	17.3477185416	21.2770867082	32.0309253209	38.2067512816	232.257855148	31.7510935865	14.4464074193	126.349870498	50.1294027171
Hawaii_LNGbulk	2021	13.8075457787	14.7296654021	10.7978678149	8.80536492114	10.0407108132	12.6351061392	10.8192451436	7.49097339346	7.15076193045	7.96215251432	18.9705708331	8.46058961648	12.5825481288	9.83550861952	7.26106041956	10.9803968518	17.3274762798	8.64925754078	8.30907751202	11.0991717825	8.49375630165	8.60696253142	9.39817878865	10.1759653546	14.208486968	12.9134703883	12.0964428617	8.31794928517	9.1342161145	8.43026000771	15.1706810623	6.37482081884	7.22207596561	11.6164924006	10.8131396864	8.27366103402	8.6288815715	9.75984388915	9.43796344197	7.3617067692	12.2328281908	9.34378994629	7.86588986546	6.81171451807	12.7840642656	7.85662772537	6.89081149504	9.237958396	9.37152764281	10.9570590929	8.48798424123	10.3081944264	11.9500159014	10.7401532008	8.76972720686	14.4242759589	7.47768881184	8.57622544569	7.62627815107	7.80737557527	7.28283948299	7.22639701068	6.47467163111	12.1321129465	9.24503749376	8.66109727331	14.3419993495	6.99930891209	6.6310460062	9.03018290602	6.75595842619	15.360163513	13.1904682028	8.78363699765	11.347680909	8.16857490205	8.28311525724	9.73297428123	8.8575838331	12.2403135766	6.51637813886	8.67543749199	11.3693005213	10.1047397892	8.15943975374	9.74570659358	12.3427274741	6.89871986552	8.13633124852	6.77549425493	13.1397831828	8.26506923254	8.29510841143	10.5902255144	8.43024998307	7.0547158034	9.76522536318	7.64419980608	10.87350635	13.402253252
Hawaii_LNGbulk	2029	18.6487853421	19.1068211944	11.4731540703	9.02095223152	10.5309212797	9.09045355782	10.2765566054	8.65047583076	6.25021648399	13.3377046505	17.6553506673	8.34642216954	7.41512341548	17.47410923	7.23881363807	15.3777903445	12.330882686	8.6199665385	7.73988641994	22.7069265899	6.75577212326	28.7589243565	10.1121274512	6.62540702199	27.4176701142	17.7314907935	12.7896104881	7.67780852093	8.31537438855	7.47766049143	11.3155191407	6.36392458578	6.82858541758	7.53357231398	6.7857681018	10.6096390829	75.69158582	13.5341433846	11.7546695484	8.66224609746	14.9021198036	8.73387626353	7.15249248995	7.13164720104	41.2107878833	9.9218409226	42.5169670348	9.75787048921	8.42572749113	9.38580324379	11.5271473818	20.9858211906	11.0651366985	13.6981949747	21.2921212553	9.21391858206	7.49951327839	7.87519318937	7.68812217493	12.0228264856	6.75156687126	7.80843409355	7.78501078226	18.9336142673	8.19206876833	10.300052547	41.515432045	6.78462045414	6.43124844311	7.6298230569	9.01469570375	8.94097668277	9.43662675892	8.37121409711	27.8328473498	8.65447229957	7.81450419714	10.7985100549	10.3414934354	7.33934588144	6.63759549953	8.26188434115	8.09303826921	12.6038091807	9.12069204579	7.90176051189	10.2872009937	8.39542891331	8.79018354055	6.51922154734	7.39826512885	6.71756220837	13.1062936214	25.1232559695	7.09750110974	10.3049693566	8.94423389548	6.3866987069	19.0475607465	12.5810320884
Hawaii_LNGbulk	2037	31.1640023784	14.8380820215	9.97333146022	7.69678579736	19.8926992995	6.76355936025	6.42680653853	6.9400590844	6.46235623423	33.3800411413	11.9325730757	9.19469750339	10.544230837	10.3261828353	6.5576651826	15.4355468966	11.0637228254	9.90509000777	6.58151541588	49.8435532362	6.93445005002	17.8263492495	19.9221003745	7.72765678974	44.5085496597	29.4804519846	18.6895441856	8.4071998404	11.4040309311	7.39782070898	25.3938685424	6.0647776552	6.2343740442	6.75138618672	6.89772125021	8.47757925155	65.8322868937	12.2556725548	10.3457320804	8.12992518796	9.79449935538	8.50499212665	8.40327550458	12.7127537321	67.8895314254	123.788441998	91.3824675487	7.54000229657	7.17829352892	11.0531373457	37.3534465786	25.7257956331	15.7668495813	15.385531372	16.7644100888	7.97689015724	8.83142717888	6.89770338911	12.1227218887	20.4041664473	6.82431758254	7.88852157938	11.6971562659	22.4255361514	10.7805455002	7.84278061943	79.9016737902	7.21068012512	6.27251462873	7.8928064686	12.4310879191	6.6504710396	8.06721520718	10.2635648821	149.836726144	8.06918442604	7.50380771314	11.6745017057	22.1493148505	6.89844497081	6.54910670934	16.0576736471	13.7526362823	12.7319586857	8.57600046347	18.2645413879	7.95401276524	9.17564378075	6.57885590811	6.52292948162	8.4832843629	6.25911592111	9.29652544051	65.6421549576	8.21817744952	8.1405124566	8.76193171797	6.1408832382	80.6358917428	9.04765853089
Hawaii_LNGbulk	2045	20.1221334043	18.3868507508	15.8520734163	13.180901736	77.5153870276	6.63769298173	6.20885506687	7.20677999508	6.74045674233	13.9581563817	12.1275561925	8.84468988102	19.7124341292	12.6940830591	6.52756541856	17.4202148118	9.60277077849	11.675642617	8.29884657401	109.735627965	8.74348318597	51.6298691533	38.7174880808	6.9725503857	25.7678050662	22.2712545143	19.6298257468	6.72044622367	15.4553787442	7.34976865938	12.5976018962	6.03103148086	6.15715093735	6.99751945674	7.08752801615	9.68726568446	25.9449606641	21.056703775	10.0644712201	13.3420349345	11.3551332867	8.3230394798	11.8039892971	8.92030501758	107.253482593	26.9633371625	119.089134563	8.08960946689	6.79370252331	9.50740470146	45.5255592765	15.9274516773	7.4866407522	15.8298553033	29.8300241197	12.037322527	11.288757719	6.45311410424	16.0558114427	24.5377952508	7.60164952209	11.8585326914	11.0658258915	12.0921123485	10.8036854024	8.99494217797	48.8362437528	8.65461561728	6.13551935603	9.98312728933	12.4121200373	6.60545248392	8.33221991547	29.23870279	600.563499733	9.68100359666	17.7999970535	10.3298368221	16.0914442594	7.13447895394	8.35070921113	12.2058963541	13.9826731492	25.3326449426	8.06362536121	50.8639561727	6.72641574411	17.7784068521	6.60677541182	6.1480495028	12.9200113445	6.22077516286	10.8309928298	198.775371112	7.99407462126	7.93694929853	10.9767084637	7.16845505414	92.1227317035	14.1803040328
Hawaii_LNGcontainer	2021	24.0962881489	24.8647211684	21.5882231791	19.927804101	20.957259011	23.119255116	21.6060376197	18.8324778279	18.5489682754	19.2251270953	28.3988090276	19.6404913471	23.075456774	20.7862571829	18.640883683	21.7403307098	27.0295635665	19.7977146173	19.51423126	21.8393098188	19.6681302514	19.7624687762	20.4218156572	21.0699711288	24.4304058066	23.3512253235	22.6703690514	19.5216244043	20.2018467621	19.6152166731	25.2322342186	17.9023506824	18.608396638	22.2704103339	21.6009497387	19.4847175283	19.7807346429	20.723203241	20.454969535	18.724755641	22.7840234924	20.3764916219	19.1449082212	18.2664287651	23.243386888	19.1371897711	18.3323429125	20.2882986633	20.399606369	21.7208825774	19.663320201	21.180162022	22.5483465845	21.5401276673	19.8981060057	24.6102299657	18.8214073432	19.7368545381	18.9452317926	19.0961463127	18.6590329025	18.6119975089	17.9855596926	22.7000941221	20.2941979115	19.8075810611	24.5416661246	18.4227574267	18.1158716718	20.1151524217	18.2199653552	25.3901362609	23.5820568357	19.909697498	22.0464007575	19.3971457517	19.4925960477	20.700811901	19.9713198609	22.7902613138	18.0203151157	19.8195312433	22.0644171011	21.010616491	19.3895331281	20.7114221613	22.8756062284	18.3389332213	19.3702760404	18.2362452124	23.539819319	19.4775576938	19.5025903429	21.4151879287	19.6152083192	18.4689298362	20.7276878027	18.9601665051	21.6512552917	23.7585443767
Hawaii_LNGcontainer	2029	28.1306544518	28.5123509953	22.1509617253	20.1074601929	21.3657677331	20.1653779649	21.1537971712	19.798729859	17.7985137367	23.7047538754	27.3027922228	19.545351808	18.7692695129	27.1517576917	18.6223446984	25.4048252871	22.8657355716	19.7733054487	19.03990535	31.5124388249	18.2198101027	36.555770297	21.016772876	18.1111725183	35.4380584285	27.3662423279	23.2480087401	18.9881737674	19.5194786571	18.8213837429	22.0195992839	17.8932704882	18.280487848	18.8679769283	18.2448067515	21.4313659024	75.6663215167	23.8684528205	22.385557957	19.8085384145	25.0084331697	19.8682302196	18.5504104083	18.5330393342	46.9323232361	20.8582007688	48.0208058624	20.721558741	19.6114395759	20.4115027032	22.1959561515	30.0781843255	21.8109472487	24.0051624789	30.3334343794	20.2682654851	18.8395943987	19.1526609911	18.9967684791	22.6090220713	18.216305726	19.0970284113	19.0775089852	28.3680118894	19.4167239736	21.1733771225	47.1861933708	18.2438503785	17.9493737026	18.9481858807	20.1022464198	20.0408139023	20.4538556324	19.5660117476	35.7840394582	19.8020602496	19.102086831	21.588758379	21.2079111961	18.7061215679	18.1213295829	19.4749036176	19.3341985577	23.0931743172	20.1905767048	19.1748004266	21.1626674948	19.5861907611	19.9151529505	18.0226846228	18.7552209407	18.187968507	23.5119113512	33.5260466413	18.5045842581	21.1774744638	20.0435282462	17.9122489224	28.4629672888	23.074193407
Hawaii_LNGcontainer	2037	38.560001982	24.9550683513	20.9011095502	19.0039881645	29.1672494162	18.2262994669	17.9456721154	18.3733825703	17.9752968619	40.4067009511	22.5338108964	20.2522479195	21.3768590308	21.1951523628	18.0547209855	25.4529557472	21.8097690212	20.8442416731	18.0745961799	54.1262943635	18.368708375	27.4452910412	29.1917503121	19.0297139915	49.6804580497	37.1570433205	28.1646201546	19.595999867	22.0933591092	18.7548505908	33.7515571187	17.6439813793	17.7853117035	18.2161551556	18.3381010418	19.6546493763	67.4502390781	22.8030604623	21.2114434004	19.3649376566	20.7520827962	19.6774934389	19.5927295872	23.1839614434	69.1646095212	115.747034999	88.7420562906	18.8733352471	18.5719112741	21.8009477881	43.7178721488	34.0281630276	25.7290413178	25.4112761434	26.5603417406	19.2374084644	19.9495226491	18.3380861576	22.6922682406	29.5934720394	18.2769313188	19.1637679828	22.3376302215	31.2779467928	21.5737879169	19.1256505162	79.1747281585	18.5989001043	17.8170955239	19.1673387238	22.9492399326	18.1320591997	19.3126793393	21.1429707351	137.453938454	19.314320355	18.8431730943	22.3187514214	31.0477623754	18.3387041423	18.0475889245	25.9713947059	24.0505302352	23.1999655714	19.7366670529	27.8104511566	19.218343971	20.2363698173	18.0723799234	18.025774568	19.6594036357	17.8059299343	20.3371045338	67.291795798	19.4384812079	19.3737603805	19.891609765	17.7074026985	79.7865764523	20.1297154424
Hawaii_LNGcontainer	2045	29.3584445036	27.9123756257	25.8000611803	23.57408478	77.1861558563	18.1214108181	17.7640458891	18.5956499959	18.2070472853	24.2217969847	22.6962968271	19.9605749008	29.017028441	23.1684025492	18.0296378488	27.1068456765	20.5923089821	22.3197021809	19.5057054783	104.036356638	19.8762359883	55.614890961	44.8545734007	18.4004586548	34.0631708885	31.1493787619	28.9481881224	18.1903718531	25.4694822869	18.7148072161	23.0880015801	17.6158595674	17.7209591145	18.421266214	18.4962733468	20.6627214037	34.2108005534	30.1372531459	20.9770593501	23.7083624454	22.0526110722	19.5258662332	22.4266577476	20.0235875147	101.967902161	35.0594476354	111.830945469	19.3313412224	18.2514187694	20.5128372512	50.5279660637	25.8628763977	18.8288672935	25.7815460861	37.4483534331	22.6211021059	21.9972980992	17.9675950869	25.969842869	33.038162709	18.9247079351	22.4721105761	21.8115215763	22.6667602904	21.5930711687	20.0857851483	53.286869794	19.8021796811	17.7029327967	20.9092727411	22.9334333644	18.0945437366	19.5335165962	36.9555856583	513.059583111	20.6575029972	27.4233308779	21.1981973518	25.9995368828	18.5353991283	19.5489243426	22.7615802951	24.2422276243	33.7005374522	19.309687801	54.9766301439	18.1953464534	27.4053390434	18.0956461765	17.7133745857	23.3566761205	17.7739793024	21.6158273582	178.236142593	19.251728851	19.2041244154	21.7372570531	18.5637125451	89.3589430863	24.4069200273
Hawaii_LSFO	2021	30.1751811463	13.4884243486	12.1557809267	21.7279921503	30.0719373217	26.3091104588	21.9884466131	8.85596256994	10.9261022282	19.4566842236	21.367114794	15.7075217109	30.3573415462	7.61170542106	7.845932272	37.6419157725	50.9531275782	30.0491842249	20.9197999875	18.2541810303	5.31691950477	12.6849306546	24.1409655753	13.5596130086	41.1392500417	19.5840266654	27.3671718777	11.7422880761	10.5564932844	18.529323076	11.5521868205	8.15975368717	14.5867951527	35.227252894	23.4440051168	14.4495969832	19.8235996514	15.8793656512	19.6572937574	9.69652506988	37.4182709916	28.2785244505	5.46704334585	19.6156607116	24.372927377	5.98633510598	8.568086424	12.1360304488	7.32930957232	29.2597141872	8.93170331028	19.8380175971	31.7635669923	14.1237619342	22.6223749027	18.9743302558	27.492475018	11.7077409359	16.9862678719	23.3577695423	7.78593354321	6.47679932407	5.42539536332	16.0495411456	23.8972400995	15.8873077439	36.3913115893	11.7419603343	3.50016929041	17.0903564777	8.32060810692	22.8878353388	11.0318394099	8.50682735362	13.502555471	8.50481742689	12.6917056305	13.7885234096	27.260319748	22.4551957022	5.50115981175	15.3533935937	33.4212728152	10.1987143272	26.7225364255	10.5758934347	26.1023976757	11.7507543285	15.2899642747	14.6978885026	40.5061459915	17.2441910221	7.85153090925	18.2071783468	8.75418021981	17.3648612103	29.8342060104	5.27889748289	19.5990867955	19.1515241702
Hawaii_LSFO	2029	35.9933047903	5.37394497083	7.38810205288	21.720876608	35.9035623377	3.78902345526	40.322612424	15.9033149335	2.85502634059	34.9731150875	58.8463792969	25.9446950808	12.947621755	6.9423193539	17.3460672621	30.93122376	89.4930969909	85.2694097748	16.6514963988	68.2789724037	5.18414371553	58.9930830308	25.4607117729	5.71071692415	85.4280721035	29.3748100031	46.0039250521	18.4031326336	19.5135772477	27.963452565	4.92590711234	11.1185855585	12.5260530836	18.9710508248	7.91467953202	38.7065674932	122.455857477	25.9141789421	6.53283099541	23.8884292384	33.049992075	15.4648161703	2.52219741848	45.9406288714	92.1287348767	9.68074170987	62.5269479377	11.8198141028	10.5169297547	24.6892271595	27.4561740569	38.7113126415	35.7588812792	7.28433647509	35.6527294556	31.8249005909	23.289255065	3.32585782399	16.7572519207	54.4996825232	11.387450228	15.6915505781	18.2360278912	50.6496330467	22.50259628	31.8703829629	98.9902122105	13.5378831453	2.09317056812	13.1449014618	21.767342119	16.1571456011	11.5335414532	10.1677860028	24.911444645	12.2801382792	17.2527133338	21.6029936083	22.1856664266	18.2480060114	6.5955357111	12.6205513765	36.9820391099	6.11024722319	45.6667961719	8.54466239492	64.8868112325	8.46017402918	20.9623966874	19.4323944854	41.4532861257	11.5525024661	4.93719245782	45.2668745498	20.4795448522	98.8147944619	16.4385028968	2.69727657416	44.347823415	30.316615685
Hawaii_LSFO	2037	51.2326534817	3.56726074485	3.43387578171	25.8004879394	26.5057381883	1.6335443785	6.37018017358	21.8662256319	2.50282382841	52.0426583834	141.886442986	25.4309919999	36.5795629814	3.20492572239	9.48651350015	68.8683769239	235.944824163	42.0574623559	5.71836055196	74.1740094023	15.9134483106	28.7618543265	38.2440519821	20.0378007898	84.0957560441	32.6495077844	114.933931062	52.4106661567	77.1170331445	36.5949453481	8.81482217121	9.61563021759	13.5681015772	19.5604523379	6.85341759792	92.2849027538	152.87448089	12.0990881402	6.99338715949	24.9027657017	20.7048746786	17.7775156319	3.81797612669	87.3364714329	136.85682332	71.106672125	179.880060476	13.4372321474	10.1610184087	26.4208533402	96.326882547	29.593403139	89.9103229878	12.0916908422	37.2729668212	86.8923507697	34.6453769842	1.69298694718	12.005354793	149.503609698	16.8270376059	12.0602771776	23.8530222438	90.0866135885	56.4334200741	23.4592569489	294.690809912	31.4092266384	1.06135969598	24.5627668287	30.75996827	8.03159585445	15.2377777351	14.0467635237	27.9806393191	23.0806649712	34.9157718939	14.8798343356	49.3934959338	38.5481790044	17.8253475495	11.444926154	121.331550027	14.1379527609	95.7863026904	48.1260849332	98.3990970908	35.4521529576	7.81303688322	37.0245241805	42.3057010762	12.031910253	20.2038048704	44.4488076969	31.5845118119	133.158731546	11.4873876581	4.23956666346	144.763375982	29.0814153376
Hawaii_LSFO	2045	35.6603299934	5.15272668133	4.68207575204	37.2545157982	75.3910159584	1.92276769056	4.65690993809	26.6769608419	18.0184358059	28.2738438075	344.649343249	20.4476823929	96.0326368622	7.86992656075	2.62447803135	67.3499965238	469.619880504	28.4778762023	9.76796539135	94.8362023138	50.5818363267	59.0696914685	33.5228373352	8.44206185892	58.113319498	47.4032278551	161.288548546	22.1231324715	190.147058783	73.4473804871	6.42718883727	11.1660930888	14.2700253772	40.0519196776	8.1573058289	180.799670629	79.7074537757	17.8037581156	16.6169388648	123.368680821	27.8815913816	13.8246659209	7.11309017215	28.1632778389	169.126270133	38.1663274634	208.673689641	13.3292842878	5.26973657177	19.1432000629	155.488413349	15.6853860874	106.494639131	5.96348731667	134.353825968	65.7425855561	39.5113626002	0.781065312895	37.1352943149	257.136779998	20.1148710316	22.0195899746	49.0080229224	40.0763822514	115.086063404	71.6760165095	726.373253106	26.4848468676	1.67389097643	26.7535383767	45.7624271717	8.62628525361	10.3262718082	40.9242847951	115.303751811	33.6899925469	112.269822389	5.46500189208	124.088900003	275.895979686	33.0622684761	15.9340946381	78.114891223	25.5211940179	46.1120054184	121.958609398	79.1875452833	47.0523170055	18.0156341881	62.1380457685	156.696934166	15.7331550632	19.2968143719	29.0497862115	34.6508240224	210.641465097	28.7959985992	13.1018708592	114.590405649	45.4638265131
Hawaii_LSFO-Diesel-Blend	2021	31.4183534032	14.0441272243	12.6565808899	22.6231528756	31.3108560878	27.3930063953	22.894337672	9.22081496046	11.3762412713	20.258270465	22.2474079128	16.3546480736	31.6080185388	7.9252962811	8.1691729274	39.19270631	53.0523201001	31.2871655975	21.7816644064	19.0062259417	5.53596862294	13.2075307939	25.1355371907	14.1182487506	42.8341255116	20.3908592247	28.4946583595	12.2260527534	10.9914049928	19.2927034274	12.0281196108	8.49592331474	15.1877492601	36.6785629384	24.4098630055	15.0448987315	20.6403022588	16.5335717267	20.467144811	10.0960073761	38.9598476991	29.443557293	5.69227734137	20.4237965461	25.3770554712	6.23296314405	8.92107874859	12.6360167219	7.63126614646	30.465170577	9.29967610583	20.6553142022	33.0721783665	14.7056397667	23.5543828575	19.7560442363	28.6251238015	12.1900823228	17.6860766606	24.3200746545	8.10670234087	6.74363375315	5.64891352435	16.7107581965	24.8817705905	16.5418410217	37.890579108	12.2257115092	3.64437102148	17.794453561	8.6634046956	23.8307798658	11.4863346664	8.85729589628	14.0588405279	8.85520316358	13.2145848887	14.3565899171	28.3834040822	23.3803161244	5.72779935456	15.9859304085	34.7981791859	10.6188860785	27.8234648924	11.0116044002	27.1777773552	12.2348678027	15.9198878965	15.3034194896	42.174938523	17.9546258583	8.17500222012	18.957286818	9.11483932999	18.0802674774	31.0633306025	5.49638015073	20.4065398095	19.9405382746
Hawaii_LSFO-Diesel-Blend	2029	37.4761750252	5.59534345277	7.69248078915	22.6157441836	37.3827353179	3.94512554518	41.9838436475	16.5585076835	2.97264914863	36.413955035	61.2707619645	27.0135776497	13.4810443742	7.2283325108	18.0606992467	32.20554384	93.1800785149	88.7823817131	17.3375131044	71.0919637761	5.39772267011	61.4235096725	26.5096549546	5.94598990604	88.947580692	30.585008168	47.8992178445	19.1613141279	20.3175073965	29.1155049178	5.12884710573	11.5766546265	13.042107705	19.7526296977	8.24075247154	40.3012200865	127.500855351	26.9818042917	6.8019738454	24.8725967351	34.4116022353	16.1019434283	2.62610817355	47.833313956	95.924300733	10.0795737653	65.1029645194	12.3067727363	10.9502115049	25.7063863309	28.5873272952	40.3061607278	37.2320936165	7.584440225	37.1215684969	33.1360388175	24.2487374834	3.46287818378	17.4476255953	56.7449877957	11.8565961175	16.338018954	18.9873249205	52.7363220486	23.4296695349	33.1833949951	103.068460654	14.0956236494	2.17940605969	13.6864517093	22.6641240041	16.8227957944	12.0087060824	10.5866835534	25.9377588438	12.7860615791	17.9634992764	22.4930045809	23.0996826465	18.9997965213	6.86726190145	13.1404991861	38.5056437174	6.36198025486	47.5481997595	8.8966896846	67.5600506466	8.80872052476	21.8260160266	20.232980026	43.1610994118	12.0284482605	5.14059739054	47.1318019657	21.3232714191	102.885815957	17.1157445891	2.80840032816	46.174887301	31.5656148331
Hawaii_LSFO-Diesel-Blend	2037	53.3433620521	3.71422654333	3.57534631954	26.8634293901	27.5977348927	1.70084395963	6.63262205339	22.7670813696	2.60593642059	54.1867379423	147.731951874	26.4787107714	38.0865861754	3.33696386077	9.87734364435	71.7056508796	245.665397443	43.7901667975	5.95394843987	77.2298674676	16.5690585406	29.9467996359	39.8196496293	20.8633281631	87.560375207	33.994618592	119.669036836	54.5699070845	80.2941393789	38.1026022725	9.17797963894	10.0117797771	14.1270870354	20.3663136702	7.13576813566	96.0869024927	159.172680477	12.5975524456	7.28150423348	25.9287223411	21.5578844968	18.5099226429	3.9752710233	90.9346032147	142.495119412	74.0361604896	187.290849484	13.9908259812	10.5796371446	27.509352916	100.295405798	30.8126070136	93.6144935978	12.58985039	38.8085572146	90.4721854456	36.0727146128	1.76273547309	12.4999574249	155.662934442	17.5202863462	12.5571425295	24.8357310254	93.7980471072	58.7583924367	24.4257431903	306.831629796	32.7032397209	1.10508612541	25.5747160239	32.0272328804	8.3624855713	15.8655513496	14.6254691371	29.1333997405	24.0315537902	36.3542493877	15.4928612184	51.4284339685	40.1363062293	18.5597251639	11.9164399656	126.330228118	14.7204152342	99.7325548612	50.1088075335	102.452992477	36.9127285476	8.13492229789	38.5498791093	44.0486325812	12.5276069301	21.0361713632	46.2800319841	32.885746381	138.644671797	11.9606508201	4.41423045858	150.727410198	30.2795260819
Hawaii_LSFO-Diesel-Blend	2045	37.1294821654	5.36501130116	4.87497025868	38.7893460371	78.4970128706	2.00198283886	4.84876765089	27.7760116631	18.7607683672	29.4386838145	358.848379862	21.2900962742	99.9890376318	8.1941557449	2.73260259444	70.1247154817	488.967516031	29.6511220384	10.1703909318	98.7433117724	52.6657322054	61.5032742631	34.9039280119	8.78986216022	60.5075012002	49.3561698267	167.933395115	23.0345723861	197.98083274	76.4733025297	6.69197938861	11.6261193958	14.8579290444	41.7019987655	8.49337460837	188.248346198	82.9912814593	18.5372462777	17.3015318518	128.451285649	29.0302711763	14.3942214458	7.40613883093	29.3235626937	176.09401909	39.7387229769	217.270733035	13.8784308315	5.48684182379	19.9318712266	161.894303037	16.3316004955	110.88205872	6.20917406006	139.889002318	68.4510815903	41.1391715463	0.813244033651	38.6652128072	267.730430111	20.9435735835	22.9267640934	51.0270800466	41.7274691607	119.827436803	74.6289610099	756.298742935	27.5759828809	1.74285277696	27.8557440776	47.6477706133	8.98167528279	10.7516987367	42.6103040188	120.054093646	35.077969768	116.895170877	5.69015178277	129.201176782	287.262480721	34.4243844058	16.5905554659	81.3331077153	26.5726289775	48.01175096	126.983121396	82.4499535159	48.9908019758	18.757851327	64.6980401635	163.152613101	16.3813374815	20.0918142149	30.2465938831	36.0783860608	219.319577891	29.9823506014	13.6416483103	119.31135869	47.3368680549
Hawaii_Pellet-Biomass	2021	13.658125	13.658125	13.658125	13.658125	13.658125	13.658125	13.658125	13.658125	13.658125	13.658125	13.658125	13.658125	13.658125	13.658125	13.658125	13.658125	13.658125	13.658125	13.658125	13.658125	13.658125	13.658125	13.658125	13.658125	13.658125	13.658125	13.658125	13.658125	13.658125	13.658125	13.658125	13.658125	13.658125	13.658125	13.658125	13.658125	13.658125	13.658125	13.658125	13.658125	13.658125	13.658125	13.658125	13.658125	13.658125	13.658125	13.658125	13.658125	13.658125	13.658125	13.658125	13.658125	13.658125	13.658125	13.658125	13.658125	13.658125	13.658125	13.658125	13.658125	13.658125	13.658125	13.658125	13.658125	13.658125	13.658125	13.658125	13.658125	13.658125	13.658125	13.658125	13.658125	13.658125	13.658125	13.658125	13.658125	13.658125	13.658125	13.658125	13.658125	13.658125	13.658125	13.658125	13.658125	13.658125	13.658125	13.658125	13.658125	13.658125	13.658125	13.658125	13.658125	13.658125	13.658125	13.658125	13.658125	13.658125	13.658125	13.658125	13.658125
Hawaii_Pellet-Biomass	2029	13.658125	13.658125	13.658125	13.658125	13.658125	13.658125	13.658125	13.658125	13.658125	13.658125	13.658125	13.658125	13.658125	13.658125	13.658125	13.658125	13.658125	13.658125	13.658125	13.658125	13.658125	13.658125	13.658125	13.658125	13.658125	13.658125	13.658125	13.658125	13.658125	13.658125	13.658125	13.658125	13.658125	13.658125	13.658125	13.658125	13.658125	13.658125	13.658125	13.658125	13.658125	13.658125	13.658125	13.658125	13.658125	13.658125	13.658125	13.658125	13.658125	13.658125	13.658125	13.658125	13.658125	13.658125	13.658125	13.658125	13.658125	13.658125	13.658125	13.658125	13.658125	13.658125	13.658125	13.658125	13.658125	13.658125	13.658125	13.658125	13.658125	13.658125	13.658125	13.658125	13.658125	13.658125	13.658125	13.658125	13.658125	13.658125	13.658125	13.658125	13.658125	13.658125	13.658125	13.658125	13.658125	13.658125	13.658125	13.658125	13.658125	13.658125	13.658125	13.658125	13.658125	13.658125	13.658125	13.658125	13.658125	13.658125	13.658125	13.658125
Hawaii_Pellet-Biomass	2037	13.658125	13.658125	13.658125	13.658125	13.658125	13.658125	13.658125	13.658125	13.658125	13.658125	13.658125	13.658125	13.658125	13.658125	13.658125	13.658125	13.658125	13.658125	13.658125	13.658125	13.658125	13.658125	13.658125	13.658125	13.658125	13.658125	13.658125	13.658125	13.658125	13.658125	13.658125	13.658125	13.658125	13.658125	13.658125	13.658125	13.658125	13.658125	13.658125	13.658125	13.658125	13.658125	13.658125	13.658125	13.658125	13.658125	13.658125	13.658125	13.658125	13.658125	13.658125	13.658125	13.658125	13.658125	13.658125	13.658125	13.658125	13.658125	13.658125	13.658125	13.658125	13.658125	13.658125	13.658125	13.658125	13.658125	13.658125	13.658125	13.658125	13.658125	13.658125	13.658125	13.658125	13.658125	13.658125	13.658125	13.658125	13.658125	13.658125	13.658125	13.658125	13.658125	13.658125	13.658125	13.658125	13.658125	13.658125	13.658125	13.658125	13.658125	13.658125	13.658125	13.658125	13.658125	13.658125	13.658125	13.658125	13.658125	13.658125	13.658125
Hawaii_Pellet-Biomass	2045	13.658125	13.658125	13.658125	13.658125	13.658125	13.658125	13.658125	13.658125	13.658125	13.658125	13.658125	13.658125	13.658125	13.658125	13.658125	13.658125	13.658125	13.658125	13.658125	13.658125	13.658125	13.658125	13.658125	13.658125	13.658125	13.658125	13.658125	13.658125	13.658125	13.658125	13.658125	13.658125	13.658125	13.658125	13.658125	13.658125	13.658125	13.658125	13.658125	13.658125	13.658125	13.658125	13.658125	13.658125	13.658125	13.658125	13.658125	13.658125	13.658125	13.658125	13.658125	13.658125	13.658125	13.658125	13.658125	13.658125	13.658125	13.658125	13.658125	13.658125	13.658125	13.658125	13.658125	13.658125	13.658125	13.658125	13.658125	13.658125	13.658125	13.658125	13.658125	13.658125	13.658125	13.658125	13.658125	13.658125	13.658125	13.658125	13.658125	13.658125	13.658125	13.658125	13.658125	13.658125	13.658125	13.658125	13.658125	13.658125	13.658125	13.658125	13.658125	13.658125	13.658125	13.658125	13.658125	13.658125	13.658125	13.658125	13.658125	13.658125
